‽A Chronicle of Corpses‽,‽13‽,‽596‽,‽19‽
‽Hamlet‽,‽2‽,‽22‽,‽0‽
‽On Hostile Ground‽,‽16‽,‽406‽,‽9‽
‽All the Pretty Horses‽,‽62‽,‽881‽,‽26‽
‽Cast Away‽,‽53‽,‽1329‽,‽47‽
‽The Family Man‽,‽61‽,‽1323‽,‽36‽
‽Miss Congeniality‽,‽57‽,‽693‽,‽17‽
‽But Forever in My Mind‽,‽21‽,‽500‽,‽20‽
‽Dude, Where's My Car?‽,‽23‽,‽430‽,‽16‽
‽What Women Want‽,‽63‽,‽941‽,‽22‽
‽The Emperor's New Groove‽,‽25‽,‽656‽,‽28‽
‽Strippers‽,‽11‽,‽174‽,‽10‽
‽Proof of Life‽,‽44‽,‽976‽,‽37‽
‽Vertical Limit‽,‽24‽,‽679‽,‽19‽
‽Moon Shadow‽,‽18‽,‽441‽,‽17‽
‽Quills‽,‽37‽,‽778‽,‽22‽
‽Unbreakable‽,‽51‽,‽900‽,‽27‽
‽102 Dalmatians‽,‽32‽,‽645‽,‽15‽
‽Bounce‽,‽44‽,‽994‽,‽28‽
‽Suspended Animation‽,‽6‽,‽473‽,‽19‽
‽Ali‽,‽66‽,‽1753‽,‽48‽
‽Kate & Leopold‽,‽39‽,‽903‽,‽17‽
‽Joe Somebody‽,‽34‽,‽659‽,‽30‽
‽How High‽,‽12‽,‽458‽,‽10‽
‽The Majestic‽,‽50‽,‽919‽,‽26‽
‽Jimmy Neutron: Boy Genius‽,‽31‽,‽758‽,‽16‽
‽The Lord of the Rings: The Fellowship of the Ring‽,‽55‽,‽1206‽,‽35‽
‽Not Another Teen Movie‽,‽41‽,‽854‽,‽23‽
‽Vanilla Sky‽,‽71‽,‽1149‽,‽36‽
‽The Business of Strangers‽,‽34‽,‽838‽,‽51‽
‽Ocean's Eleven‽,‽74‽,‽1561‽,‽29‽
‽Texas Rangers‽,‽22‽,‽463‽,‽19‽
‽The Affair of the Necklace‽,‽40‽,‽928‽,‽33‽
‽Behind Enemy Lines‽,‽43‽,‽785‽,‽34‽
‽Spy Game‽,‽40‽,‽1009‽,‽29‽
‽Black Knight‽,‽24‽,‽699‽,‽22‽
‽Out Cold‽,‽23‽,‽476‽,‽11‽
‽Sidewalks of New York‽,‽33‽,‽752‽,‽27‽
‽Shottas‽,‽10‽,‽324‽,‽12‽
‽Hell's Highway‽,‽27‽,‽683‽,‽25‽
‽Pinocchio‽,‽35‽,‽955‽,‽14‽
‽Catch Me If You Can‽,‽58‽,‽1207‽,‽35‽
‽Gangs of New York‽,‽87‽,‽1927‽,‽58‽
‽Two Weeks Notice‽,‽45‽,‽802‽,‽19‽
‽The Wild Thornberrys Movie‽,‽15‽,‽493‽,‽6‽
‽The Lord of the Rings: The Two Towers‽,‽48‽,‽1284‽,‽30‽
‽Drumline‽,‽35‽,‽623‽,‽14‽
‽The Hot Chick‽,‽42‽,‽646‽,‽29‽
‽Evelyn‽,‽38‽,‽717‽,‽25‽
‽Star Trek: Nemesis‽,‽43‽,‽852‽,‽26‽
‽Maid in Manhattan‽,‽66‽,‽999‽,‽23‽
‽Analyze That‽,‽35‽,‽916‽,‽28‽
‽Equilibrium‽,‽23‽,‽603‽,‽16‽
‽Extreme Ops‽,‽27‽,‽640‽,‽21‽
‽Solaris‽,‽42‽,‽1050‽,‽54‽
‽Broken Wings‽,‽20‽,‽575‽,‽41‽
‽Confessions of a Burning Man‽,‽16‽,‽274‽,‽10‽
‽Peter Pan‽,‽48‽,‽584‽,‽21‽
‽Paycheck‽,‽49‽,‽896‽,‽48‽
‽The Young Black Stallion‽,‽25‽,‽582‽,‽8‽
‽Cold Mountain‽,‽60‽,‽1080‽,‽31‽
‽Mona Lisa Smile‽,‽46‽,‽825‽,‽25‽
‽The Lord of the Rings: The Return of the King‽,‽45‽,‽1316‽,‽43‽
‽Something's Gotta Give‽,‽62‽,‽905‽,‽46‽
‽Stuck on You‽,‽51‽,‽1108‽,‽19‽
‽Love Don't Cost a Thing‽,‽21‽,‽434‽,‽6‽
‽The Last Samurai‽,‽43‽,‽1257‽,‽45‽
‽Honey‽,‽39‽,‽587‽,‽9‽
‽Bad Santa‽,‽42‽,‽854‽,‽34‽
‽The Missing‽,‽29‽,‽777‽,‽40‽
‽The Haunted Mansion‽,‽35‽,‽666‽,‽24‽
‽Timeline‽,‽21‽,‽497‽,‽13‽
‽Gothika‽,‽28‽,‽751‽,‽32‽
‽Suspect Zero‽,‽18‽,‽580‽,‽20‽
‽Hero‽,‽43‽,‽882‽,‽30‽
‽Exorcist: The Beginning‽,‽33‽,‽845‽,‽33‽
‽Without a Paddle‽,‽29‽,‽632‽,‽41‽
‽Nicotina‽,‽20‽,‽533‽,‽17‽
‽We Don't Live Here Anymore‽,‽53‽,‽1243‽,‽64‽
‽The Princess Diaries 2: Royal Engagement‽,‽33‽,‽700‽,‽19‽
‽Collateral‽,‽48‽,‽1104‽,‽28‽
‽Open Water‽,‽24‽,‽673‽,‽34‽
‽Little Black Book‽,‽26‽,‽698‽,‽16‽
‽The Manchurian Candidate‽,‽73‽,‽1261‽,‽58‽
‽Intimate Strangers‽,‽34‽,‽747‽,‽31‽
‽The Village‽,‽45‽,‽854‽,‽35‽
‽Garden State‽,‽33‽,‽825‽,‽31‽
‽She Hate Me‽,‽19‽,‽826‽,‽39‽
‽The Bourne Supremacy‽,‽37‽,‽900‽,‽30‽
‽What Is It?‽,‽10‽,‽362‽,‽7‽
‽See No Evil‽,‽9‽,‽295‽,‽20‽
‽Grizzly Man‽,‽52‽,‽1148‽,‽46‽
‽Stealth‽,‽35‽,‽679‽,‽32‽
‽Bewitched‽,‽59‽,‽1022‽,‽31‽
‽Melinda and Melinda‽,‽55‽,‽1057‽,‽43‽
‽Are We There Yet?‽,‽18‽,‽560‽,‽18‽
‽Mughal-E-Azam‽,‽5‽,‽116‽,‽0‽
‽Saving Marriage‽,‽10‽,‽266‽,‽7‽
‽10 Questions for the Dalai Lama‽,‽9‽,‽270‽,‽3‽
‽The Real Dirt on Farmer John‽,‽5‽,‽267‽,‽9‽
‽G.I. Jesus‽,‽12‽,‽404‽,‽11‽
‽Black Christmas‽,‽10‽,‽301‽,‽22‽
‽The Good Shepherd‽,‽64‽,‽1299‽,‽38‽
‽Night at the Museum‽,‽32‽,‽812‽,‽28‽
‽We Are Marshall‽,‽15‽,‽732‽,‽30‽
‽Rocky Balboa‽,‽35‽,‽735‽,‽26‽
‽Charlotte's Web‽,‽63‽,‽877‽,‽14‽
‽The Pursuit of Happyness‽,‽65‽,‽851‽,‽37‽
‽Eragon‽,‽16‽,‽306‽,‽8‽
‽Dreamgirls‽,‽60‽,‽1262‽,‽40‽
‽Unaccompanied Minors‽,‽16‽,‽405‽,‽15‽
‽Ever Again‽,‽18‽,‽386‽,‽16‽
‽The Holiday‽,‽61‽,‽705‽,‽24‽
‽Blood Diamond‽,‽52‽,‽959‽,‽47‽
‽Off the Black‽,‽22‽,‽676‽,‽25‽
‽Apocalypto‽,‽43‽,‽1041‽,‽37‽
‽Quantum Hoops‽,‽6‽,‽247‽,‽4‽
‽Aliens vs. Predator: Requiem‽,‽20‽,‽471‽,‽9‽
‽The Water Horse‽,‽12‽,‽296‽,‽9‽
‽The Great Debaters‽,‽57‽,‽964‽,‽23‽
‽Sweeney Todd: The Demon Barber of Fleet Street‽,‽47‽,‽986‽,‽53‽
‽Charlie Wilson's War‽,‽51‽,‽943‽,‽44‽
‽Walk Hard: The Dewey Cox Story‽,‽33‽,‽792‽,‽21‽
‽National Treasure: Book of Secrets‽,‽30‽,‽599‽,‽12‽
‽P.S. I Love You‽,‽65‽,‽699‽,‽34‽
‽The District‽,‽18‽,‽274‽,‽6‽
‽The Singing Revolution‽,‽7‽,‽286‽,‽2‽
‽Half Moon‽,‽12‽,‽277‽,‽10‽
‽I Am Legend‽,‽43‽,‽775‽,‽20‽
‽Alvin and the Chipmunks‽,‽12‽,‽325‽,‽7‽
‽The Perfect Holiday‽,‽30‽,‽405‽,‽10‽
‽The Golden Compass‽,‽44‽,‽951‽,‽26‽
‽Juno‽,‽57‽,‽824‽,‽21‽
‽We Pedal Uphill‽,‽7‽,‽288‽,‽8‽
‽Pageant‽,‽16‽,‽254‽,‽10‽
‽The Curious Case of Benjamin Button‽,‽63‽,‽1083‽,‽23‽
‽Valkyrie‽,‽36‽,‽895‽,‽27‽
‽The Spirit‽,‽35‽,‽583‽,‽15‽
‽Bedtime Stories‽,‽28‽,‽582‽,‽21‽
‽Yes Man‽,‽38‽,‽459‽,‽27‽
‽The Tale of Despereaux‽,‽44‽,‽775‽,‽16‽
‽Seven Pounds‽,‽36‽,‽700‽,‽31‽
‽Rab Ne Bana Di Jodi‽,‽24‽,‽389‽,‽7‽
‽The Day the Earth Stood Still‽,‽29‽,‽685‽,‽31‽
‽Nothing Like the Holidays‽,‽30‽,‽582‽,‽25‽
‽Doubt‽,‽48‽,‽853‽,‽34‽
‽Delgo‽,‽10‽,‽311‽,‽17‽
‽Adam Resurrected‽,‽26‽,‽698‽,‽25‽
‽Cadillac Records‽,‽55‽,‽1071‽,‽31‽
‽Nobel Son‽,‽22‽,‽509‽,‽25‽
‽Let Them Chirp Awhile‽,‽10‽,‽275‽,‽9‽
‽Punisher: War Zone‽,‽9‽,‽313‽,‽33‽
‽Repo Chick‽,‽34‽,‽1004‽,‽37‽
‽Mugabe and the White African‽,‽8‽,‽374‽,‽17‽
‽Living in Emergency‽,‽25‽,‽707‽,‽38‽
‽Mine‽,‽27‽,‽569‽,‽26‽
‽Garbage Dreams‽,‽4‽,‽278‽,‽11‽
‽Old Partner‽,‽21‽,‽482‽,‽16‽
‽Sherlock Holmes‽,‽56‽,‽886‽,‽24‽
‽It's Complicated‽,‽72‽,‽1152‽,‽20‽
‽Alvin and the Chipmunks: The Squeakquel‽,‽10‽,‽385‽,‽7‽
‽Avatar‽,‽78‽,‽1627‽,‽24‽
‽Nine‽,‽32‽,‽834‽,‽31‽
‽Did You Hear About the Morgans?‽,‽27‽,‽651‽,‽17‽
‽Ricky‽,‽25‽,‽635‽,‽27‽
‽Invictus‽,‽61‽,‽1036‽,‽48‽
‽Hannah Free‽,‽18‽,‽371‽,‽5‽
‽Transylmania‽,‽10‽,‽305‽,‽9‽
‽Armored‽,‽31‽,‽580‽,‽41‽
‽Leonard Cohen: Bird on a Wire‽,‽10‽,‽134‽,‽4‽
‽General Orders No. 9‽,‽8‽,‽274‽,‽8‽
‽Queen of the Sun: What Are the Bees Telling Us?‽,‽10‽,‽307‽,‽15‽
‽Hadewijch‽,‽25‽,‽767‽,‽25‽
‽Gulliver's Travels‽,‽55‽,‽968‽,‽29‽
‽Secret Sunshine‽,‽59‽,‽822‽,‽22‽
‽True Grit‽,‽82‽,‽1171‽,‽42‽
‽Little Fockers‽,‽28‽,‽561‽,‽18‽
‽Yogi Bear‽,‽19‽,‽343‽,‽7‽
‽How Do You Know‽,‽44‽,‽714‽,‽34‽
‽Mundane History‽,‽11‽,‽278‽,‽2‽
‽The Fighter‽,‽69‽,‽1262‽,‽48‽
‽The Tourist‽,‽50‽,‽875‽,‽21‽
‽The Chronicles of Narnia: The Voyage of the Dawn Treader‽,‽19‽,‽666‽,‽18‽
‽The Warrior's Way‽,‽23‽,‽514‽,‽17‽
‽Black Swan‽,‽57‽,‽1233‽,‽39‽
‽Hollywood to Dollywood‽,‽20‽,‽337‽,‽12‽
‽Sacrifice‽,‽12‽,‽251‽,‽13‽
‽The City Dark‽,‽11‽,‽335‽,‽16‽
‽Angels Crest‽,‽16‽,‽598‽,‽34‽
‽The Darkest Hour‽,‽24‽,‽528‽,‽15‽
‽War Horse‽,‽72‽,‽1111‽,‽65‽
‽We Bought a Zoo‽,‽36‽,‽879‽,‽26‽
‽The Adventures of Tintin‽,‽57‽,‽1003‽,‽24‽
‽Sherlock Holmes: A Game of Shadows‽,‽18‽,‽552‽,‽18‽
‽Cook County‽,‽10‽,‽216‽,‽6‽
‽Alvin and the Chipmunks: Chipwrecked‽,‽7‽,‽218‽,‽5‽
‽My Piece of the Pie‽,‽26‽,‽703‽,‽23‽
‽Young Adult‽,‽64‽,‽1015‽,‽49‽
‽The Sitter‽,‽24‽,‽494‽,‽12‽
‽New Year's Eve‽,‽29‽,‽730‽,‽25‽
‽One Track Heart: The Story of Krishna Das‽,‽11‽,‽142‽,‽5‽
‽Code of the West‽,‽1‽,‽75‽,‽4‽
‽High Tech, Low Life‽,‽0‽,‽20‽,‽1‽
‽Django Unchained‽,‽71‽,‽1215‽,‽55‽
‽Parental Guidance‽,‽20‽,‽432‽,‽13‽
‽Jack Reacher‽,‽27‽,‽590‽,‽26‽
‽This Is 40‽,‽58‽,‽958‽,‽44‽
‽The Guilt Trip‽,‽24‽,‽507‽,‽32‽
‽Trashed‽,‽9‽,‽181‽,‽11‽
‽The Hobbit: An Unexpected Journey‽,‽52‽,‽922‽,‽35‽
‽The Girl‽,‽20‽,‽681‽,‽31‽
‽The Fitzgerald Family Christmas‽,‽32‽,‽572‽,‽13‽
‽Farewell to Hollywood‽,‽5‽,‽78‽,‽2‽
‽Coldwater‽,‽3‽,‽15‽,‽2‽
‽Northern Light‽,‽2‽,‽29‽,‽0‽
‽Walking the Camino: Six Ways to Santiago‽,‽4‽,‽71‽,‽0‽
‽Justin Bieber's Believe‽,‽8‽,‽201‽,‽1‽
‽The Wolf of Wall Street‽,‽21‽,‽308‽,‽9‽
‽47 Ronin‽,‽13‽,‽235‽,‽6‽
‽The Secret Life of Walter Mitty‽,‽20‽,‽227‽,‽3‽
‽Grudge Match‽,‽11‽,‽278‽,‽7‽
‽Personal Tailor‽,‽2‽,‽69‽,‽3‽
‽All the Light in the Sky‽,‽10‽,‽158‽,‽4‽
‽Anchorman 2: The Legend Continues‽,‽16‽,‽394‽,‽14‽
‽Paradise: Hope‽,‽9‽,‽115‽,‽2‽
‽American Hustle‽,‽45‽,‽685‽,‽18‽
‽The President‽,‽6‽,‽199‽,‽6‽
‽The Hand That Feeds‽,‽1‽,‽55‽,‽1‽
‽Barbecue‽,‽6‽,‽95‽,‽1‽
‽Into the Woods‽,‽17‽,‽295‽,‽18‽
‽The Gambler‽,‽27‽,‽439‽,‽13‽
‽Big Eyes‽,‽21‽,‽444‽,‽12‽
‽Unbroken‽,‽11‽,‽458‽,‽16‽
‽Night at the Museum: Secret of the Tomb‽,‽9‽,‽162‽,‽2‽
‽Annie‽,‽23‽,‽316‽,‽9‽
‽The Hobbit: The Battle of the Five Armies‽,‽5‽,‽162‽,‽9‽
‽Top Five‽,‽58‽,‽629‽,‽21‽
‽The Captive‽,‽2‽,‽68‽,‽8‽
‽Skating to New York‽,‽3‽,‽84‽,‽3‽
‽Expelled‽,‽5‽,‽58‽,‽3‽
‽The Pyramid‽,‽6‽,‽120‽,‽2‽
‽The Foxy Merkins‽,‽3‽,‽77‽,‽1‽
‽Take Care‽,‽2‽,‽15‽,‽0‽
‽Among the Believers‽,‽3‽,‽139‽,‽8‽
‽Olympic Pride, American Prejudice‽,‽10‽,‽102‽,‽3‽
‽A Space Program‽,‽5‽,‽173‽,‽1‽
‽Other People's Children‽,‽2‽,‽57‽,‽4‽
‽Point Break‽,‽11‽,‽158‽,‽6‽
‽The Hateful Eight‽,‽22‽,‽381‽,‽18‽
‽TransFatty Lives‽,‽2‽,‽68‽,‽3‽
‽Joy‽,‽50‽,‽450‽,‽19‽
‽Concussion‽,‽10‽,‽253‽,‽13‽
‽Daddy's Home‽,‽7‽,‽172‽,‽10‽
‽Mr. Six‽,‽3‽,‽75‽,‽5‽
‽45 Years‽,‽18‽,‽301‽,‽11‽
‽He Never Died‽,‽2‽,‽52‽,‽6‽
‽Noma My Perfect Storm‽,‽1‽,‽70‽,‽1‽
‽Son of Saul‽,‽16‽,‽395‽,‽17‽
‽Bajirao Mastani‽,‽4‽,‽90‽,‽2‽
‽Sisters‽,‽32‽,‽587‽,‽31‽
‽Alvin and the Chipmunks: The Road Chip‽,‽2‽,‽63‽,‽1‽
‽Maurizio Cattelan: Be Right Back‽,‽2‽,‽96‽,‽3‽
‽In Search of Israeli Cuisine‽,‽3‽,‽99‽,‽1‽
‽Accidental Courtesy: Daryl Davis, Race & America‽,‽3‽,‽81‽,‽2‽
‽Paterson‽,‽24‽,‽393‽,‽4‽
‽Toni Erdmann‽,‽10‽,‽150‽,‽3‽
‽Dangal‽,‽5‽,‽90‽,‽0‽
‽Why Him?‽,‽4‽,‽94‽,‽5‽
‽Julieta‽,‽19‽,‽376‽,‽14‽
‽Passengers‽,‽10‽,‽188‽,‽12‽
‽Sing‽,‽13‽,‽217‽,‽5‽
‽Fences‽,‽18‽,‽537‽,‽19‽
‽Neruda‽,‽17‽,‽204‽,‽15‽
‽Collateral Beauty‽,‽11‽,‽193‽,‽9‽
‽Short Stay‽,‽1‽,‽89‽,‽6‽
‽Two Lovers and a Bear‽,‽6‽,‽84‽,‽1‽
‽The Wasted Times‽,‽1‽,‽64‽,‽3‽
‽Rogue One: A Star Wars Story‽,‽37‽,‽432‽,‽18‽
‽After Auschwitz‽,‽5‽,‽86‽,‽4‽
‽Breaking Point: The War for Democracy in Ukraine‽,‽4‽,‽103‽,‽8‽
‽The Last Family‽,‽3‽,‽117‽,‽5‽
‽In the Fade‽,‽11‽,‽234‽,‽12‽
‽All the Money in the World‽,‽18‽,‽286‽,‽12‽
‽Phantom Thread‽,‽18‽,‽290‽,‽6‽
‽Happy End‽,‽14‽,‽207‽,‽7‽
‽Father Figures‽,‽5‽,‽73‽,‽2‽
‽Bright‽,‽4‽,‽60‽,‽0‽
‽Downsizing‽,‽20‽,‽338‽,‽17‽
‽A German Life‽,‽1‽,‽61‽,‽1‽
‽Crooked House‽,‽2‽,‽51‽,‽5‽
‽Hangman‽,‽1‽,‽68‽,‽4‽
‽Pitch Perfect 3‽,‽3‽,‽105‽,‽3‽
‽The Greatest Showman‽,‽8‽,‽99‽,‽1‽
‽Jumanji: Welcome to the Jungle‽,‽5‽,‽168‽,‽8‽
‽Permanent‽,‽6‽,‽96‽,‽2‽
‽The Rape of Recy Taylor‽,‽2‽,‽67‽,‽3‽
‽Prisoners of the Sun‽,‽23‽,‽568‽,‽28‽
‽Eating‽,‽45‽,‽741‽,‽22‽
‽The Killer‽,‽25‽,‽546‽,‽28‽
‽Misplaced‽,‽30‽,‽533‽,‽27‽
‽Kindergarten Cop‽,‽42‽,‽756‽,‽26‽
‽The Bonfire of the Vanities‽,‽47‽,‽1080‽,‽43‽
‽The Russia House‽,‽32‽,‽837‽,‽22‽
‽Almost an Angel‽,‽21‽,‽335‽,‽8‽
‽Mermaids‽,‽38‽,‽678‽,‽12‽
‽Look Who's Talking Too‽,‽20‽,‽758‽,‽16‽
‽The Sheltering Sky‽,‽67‽,‽1383‽,‽38‽
‽Havana‽,‽51‽,‽923‽,‽30‽
‽The Rookie‽,‽15‽,‽449‽,‽18‽
‽Edward Scissorhands‽,‽53‽,‽937‽,‽28‽
‽Company Business‽,‽11‽,‽358‽,‽9‽
‽Final Approach‽,‽10‽,‽411‽,‽6‽
‽Paper Mask‽,‽30‽,‽604‽,‽13‽
‽Close My Eyes‽,‽18‽,‽662‽,‽15‽
‽Daughters of the Dust‽,‽10‽,‽626‽,‽16‽
‽The Inner Circle‽,‽24‽,‽632‽,‽21‽
‽The Prince of Tides‽,‽51‽,‽994‽,‽19‽
‽Until the End of the World‽,‽29‽,‽903‽,‽22‽
‽Father of the Bride‽,‽36‽,‽830‽,‽12‽
‽Bugsy‽,‽71‽,‽1241‽,‽31‽
‽The Last Boy Scout‽,‽37‽,‽738‽,‽27‽
‽Hook‽,‽64‽,‽1223‽,‽41‽
‽The Double Life of Veronique‽,‽32‽,‽834‽,‽15‽
‽Young Soul Rebels‽,‽17‽,‽575‽,‽24‽
‽At Play in the Fields of the Lord‽,‽51‽,‽886‽,‽31‽
‽Kafka‽,‽34‽,‽826‽,‽29‽
‽My Girl‽,‽35‽,‽696‽,‽21‽
‽For the Boys‽,‽42‽,‽969‽,‽17‽
‽Dingo‽,‽14‽,‽566‽,‽10‽
‽Herman‽,‽33‽,‽506‽,‽14‽
‽Trespass‽,‽17‽,‽467‽,‽14‽
‽Peter's Friends‽,‽41‽,‽677‽,‽18‽
‽Hoffa‽,‽61‽,‽1455‽,‽48‽
‽Indochine‽,‽50‽,‽1010‽,‽25‽
‽Toys‽,‽64‽,‽1182‽,‽47‽
‽Leap of Faith‽,‽69‽,‽968‽,‽27‽
‽Forever Young‽,‽45‽,‽729‽,‽15‽
‽Passion Fish‽,‽54‽,‽827‽,‽17‽
‽A Few Good Men‽,‽64‽,‽1080‽,‽33‽
‽The Muppet Christmas Carol‽,‽32‽,‽583‽,‽9‽
‽The Distinguished Gentleman‽,‽52‽,‽920‽,‽18‽
‽The Bodyguard‽,‽40‽,‽844‽,‽30‽
‽Home Alone 2: Lost in New York‽,‽58‽,‽1160‽,‽48‽
‽Malcolm X‽,‽58‽,‽1431‽,‽47‽
‽Bram Stoker's Dracula‽,‽69‽,‽1428‽,‽46‽
‽The Thing Called Love‽,‽30‽,‽621‽,‽8‽
‽Thirty Two Short Films About Glenn Gould‽,‽50‽,‽994‽,‽11‽
‽Sankofa‽,‽21‽,‽579‽,‽28‽
‽Ghost in the Machine‽,‽14‽,‽468‽,‽28‽
‽Batman: Mask of the Phantasm‽,‽12‽,‽437‽,‽18‽
‽Tombstone‽,‽48‽,‽924‽,‽28‽
‽Grumpy Old Men‽,‽37‽,‽662‽,‽16‽
‽The Accompanist‽,‽43‽,‽868‽,‽18‽
‽The Summer House‽,‽35‽,‽666‽,‽18‽
‽Wrestling Ernest Hemingway‽,‽29‽,‽760‽,‽20‽
‽The Pelican Brief‽,‽57‽,‽981‽,‽14‽
‽Beethoven's 2nd‽,‽22‽,‽504‽,‽15‽
‽Wayne's World 2‽,‽35‽,‽822‽,‽14‽
‽Sister Act 2: Back in the Habit‽,‽30‽,‽619‽,‽22‽
‽The Hawk‽,‽22‽,‽394‽,‽29‽
‽Geronimo: An American Legend‽,‽39‽,‽705‽,‽32‽
‽Bank Robber‽,‽16‽,‽515‽,‽24‽
‽Six Degrees of Separation‽,‽46‽,‽834‽,‽27‽
‽A Dangerous Woman‽,‽32‽,‽635‽,‽25‽
‽Traps‽,‽11‽,‽477‽,‽23‽
‽The November Men‽,‽17‽,‽513‽,‽24‽
‽Dead Beat‽,‽15‽,‽470‽,‽20‽
‽Heaven's a Drag‽,‽29‽,‽546‽,‽27‽
‽Arizona Dream‽,‽47‽,‽859‽,‽14‽
‽The Madness of King George‽,‽51‽,‽1100‽,‽37‽
‽Street Fighter‽,‽20‽,‽459‽,‽10‽
‽I.Q.‽,‽53‽,‽613‽,‽10‽
‽Little Women‽,‽58‽,‽1154‽,‽25‽
‽Mixed Nuts‽,‽17‽,‽509‽,‽24‽
‽Camilla‽,‽48‽,‽642‽,‽7‽
‽Nell‽,‽61‽,‽778‽,‽13‽
‽Queen Margot‽,‽49‽,‽829‽,‽24‽
‽Drop Zone‽,‽33‽,‽567‽,‽23‽
‽Disclosure‽,‽55‽,‽1059‽,‽23‽
‽The Thief and the Cobbler‽,‽5‽,‽80‽,‽3‽
‽71 Fragments of a Chronology of Chance‽,‽21‽,‽524‽,‽15‽
‽Troublesome Creek: A Midwestern‽,‽13‽,‽597‽,‽14‽
‽Champagne Safari‽,‽16‽,‽496‽,‽18‽
‽The Horseman on the Roof‽,‽47‽,‽774‽,‽39‽
‽Richard III‽,‽5‽,‽159‽,‽6‽
‽Delta of Venus‽,‽19‽,‽350‽,‽10‽
‽Nico Icon‽,‽19‽,‽611‽,‽28‽
‽Four Rooms‽,‽37‽,‽1094‽,‽43‽
‽Waiting to Exhale‽,‽29‽,‽705‽,‽17‽
‽Sudden Death‽,‽16‽,‽457‽,‽17‽
‽Grumpier Old Men‽,‽31‽,‽676‽,‽18‽
‽Dracula: Dead and Loving It‽,‽35‽,‽527‽,‽16‽
‽Cutthroat Island‽,‽45‽,‽980‽,‽34‽
‽Balto‽,‽22‽,‽431‽,‽15‽
‽Tom and Huck‽,‽15‽,‽435‽,‽13‽
‽Jumanji‽,‽39‽,‽648‽,‽26‽
‽Heat‽,‽51‽,‽1085‽,‽34‽
‽Cry, the Beloved Country‽,‽22‽,‽709‽,‽40‽
‽Leaving Las Vegas‽,‽38‽,‽811‽,‽26‽
‽Hard Core Logo‽,‽14‽,‽497‽,‽24‽
‽Cannibal! The Musical‽,‽22‽,‽486‽,‽12‽
‽Talk to Me‽,‽19‽,‽451‽,‽10‽
‽My Mother's Courage‽,‽25‽,‽621‽,‽26‽
‽The Bloody Child‽,‽6‽,‽400‽,‽28‽
‽Sleepover‽,‽9‽,‽405‽,‽17‽
‽Margaret's Museum‽,‽37‽,‽727‽,‽20‽
‽Nightjohn‽,‽7‽,‽346‽,‽12‽
‽The Whole Wide World‽,‽42‽,‽714‽,‽21‽
‽Some Mother's Son‽,‽34‽,‽880‽,‽63‽
‽I'm Not Rappaport‽,‽29‽,‽752‽,‽27‽
‽Hamlet‽,‽2‽,‽22‽,‽0‽
‽The Evening Star‽,‽35‽,‽624‽,‽15‽
‽Michael‽,‽33‽,‽916‽,‽18‽
‽Scream‽,‽19‽,‽674‽,‽40‽
‽One Fine Day‽,‽45‽,‽654‽,‽13‽
‽My Fellow Americans‽,‽28‽,‽712‽,‽23‽
‽Beavis and Butt-Head Do America‽,‽23‽,‽708‽,‽30‽
‽Carla's Song‽,‽19‽,‽601‽,‽29‽
‽The Hanging Garden‽,‽18‽,‽640‽,‽30‽
‽Oscar and Lucinda‽,‽36‽,‽580‽,‽10‽
‽An American Werewolf in Paris‽,‽12‽,‽467‽,‽21‽
‽The Postman‽,‽28‽,‽653‽,‽22‽
‽Mr. Magoo‽,‽26‽,‽540‽,‽20‽
‽Jackie Brown‽,‽34‽,‽791‽,‽17‽
‽The Winter Guest‽,‽23‽,‽699‽,‽27‽
‽Titanic‽,‽95‽,‽1646‽,‽47‽
‽Tomorrow Never Dies‽,‽24‽,‽591‽,‽21‽
‽Will It Snow for Christmas?‽,‽36‽,‽607‽,‽18‽
‽Scream 2‽,‽30‽,‽717‽,‽30‽
‽Hugo Pool‽,‽22‽,‽513‽,‽15‽
‽Home Alone 3‽,‽40‽,‽777‽,‽33‽
‽Amistad‽,‽51‽,‽960‽,‽36‽
‽Mysteries of Egypt‽,‽18‽,‽351‽,‽3‽
‽Scrapple‽,‽20‽,‽564‽,‽11‽
‽The Well‽,‽28‽,‽584‽,‽19‽
‽All I Wanna Do‽,‽29‽,‽716‽,‽17‽
‽Secret Defense‽,‽7‽,‽473‽,‽30‽
‽The Day of the Beast‽,‽21‽,‽513‽,‽16‽
‽Frogs for Snakes‽,‽17‽,‽437‽,‽11‽
‽Testamento‽,‽23‽,‽622‽,‽12‽
‽Blood, Guts, Bullets and Octane‽,‽4‽,‽425‽,‽13‽
‽Six-String Samurai‽,‽15‽,‽449‽,‽21‽
‽Mary Jane's Not a Virgin Anymore‽,‽14‽,‽426‽,‽19‽
‽Port Djema‽,‽15‽,‽400‽,‽9‽
‽Down in the Delta‽,‽43‽,‽680‽,‽12‽
‽The Faculty‽,‽14‽,‽584‽,‽21‽
‽Mighty Joe Young‽,‽19‽,‽607‽,‽13‽
‽Hurlyburly‽,‽49‽,‽978‽,‽36‽
‽Zombie! vs. Mardi Gras‽,‽5‽,‽205‽,‽10‽
‽Galapagos‽,‽13‽,‽490‽,‽7‽
‽Pariah‽,‽25‽,‽717‽,‽48‽
‽The Talented Mr. Ripley‽,‽54‽,‽988‽,‽27‽
‽Galaxy Quest‽,‽28‽,‽641‽,‽15‽
‽Any Given Sunday‽,‽34‽,‽1041‽,‽48‽
‽Man on the Moon‽,‽31‽,‽672‽,‽14‽
‽Stuart Little‽,‽27‽,‽734‽,‽19‽
‽Bicentennial Man‽,‽38‽,‽820‽,‽22‽
‽Anna and the King‽,‽33‽,‽826‽,‽22‽
‽Deuce Bigalow: Male Gigolo‽,‽21‽,‽460‽,‽22‽
‽The Green Mile‽,‽41‽,‽818‽,‽24‽
‽Toy Story 2‽,‽41‽,‽794‽,‽9‽
‽Flawless‽,‽28‽,‽583‽,‽31‽
‽End of Days‽,‽19‽,‽664‽,‽24‽
‽A Force More Powerful‽,‽16‽,‽373‽,‽9‽
‽Sleepy Hollow‽,‽36‽,‽893‽,‽21‽
‽Mansfield Park‽,‽44‽,‽851‽,‽29‽
‽Liberty Heights‽,‽48‽,‽936‽,‽24‽
